-- phpMyAdmin SQL Dump
-- version 4.0.4
-- http://www.phpmyadmin.net
--
-- Host: localhost
-- Generation Time: Dec 20, 2013 at 04:55 PM
-- Server version: 5.6.12-log
-- PHP Version: 5.4.12

SET SQL_MODE = "NO_AUTO_VALUE_ON_ZERO";
SET time_zone = "+00:00";


/*!40101 SET @OLD_CHARACTER_SET_CLIENT=@@CHARACTER_SET_CLIENT */;
/*!40101 SET @OLD_CHARACTER_SET_RESULTS=@@CHARACTER_SET_RESULTS */;
/*!40101 SET @OLD_COLLATION_CONNECTION=@@COLLATION_CONNECTION */;
/*!40101 SET NAMES utf8 */;

--
-- Database: `moviedb`
--
CREATE DATABASE IF NOT EXISTS `moviedb` DEFAULT CHARACTER SET latin1 COLLATE latin1_swedish_ci;
USE `moviedb`;

-- --------------------------------------------------------

--
-- Table structure for table `artist`
--

CREATE TABLE IF NOT EXISTS `artist` (
  `ArtistID` int(11) NOT NULL AUTO_INCREMENT,
  `Name` varchar(40) CHARACTER SET utf8 COLLATE utf8_bin DEFAULT NULL,
  `Gender` varchar(1) CHARACTER SET utf8 COLLATE utf8_bin DEFAULT NULL,
  `Birthday` date DEFAULT NULL,
  `Country` varchar(20) CHARACTER SET utf8 COLLATE utf8_bin DEFAULT NULL,
  PRIMARY KEY (`ArtistID`),
  UNIQUE KEY `Name` (`Name`)
) ENGINE=InnoDB  DEFAULT CHARSET=latin1 AUTO_INCREMENT=2297 ;

--
-- Dumping data for table `artist`
--

INSERT INTO `artist` (`ArtistID`, `Name`, `Gender`, `Birthday`, `Country`) VALUES
(1641, 'Lambert Hillyer', 'F', '1953-07-07', 'Brazil'),
(1642, 'Basil Dickey', 'M', '1979-11-28', 'Japan'),
(1643, 'Jimmy Wakely', 'M', '1990-10-05', 'China'),
(1644, 'Dub Taylor', 'M', '1962-07-27', 'France'),
(1645, 'Jane Adams', 'M', '1959-04-14', 'France'),
(1646, 'Lee Phelps', 'F', '1952-12-08', 'U.S.'),
(1647, 'John James', 'M', '1960-08-21', 'Mexico'),
(1648, 'I. Stanford Jolley', 'M', '1981-10-24', 'China'),
(1649, 'Myron Healey', 'F', '1986-01-18', 'Italia'),
(1650, 'Edmund Cobb', 'M', '1962-11-07', 'China'),
(1651, 'Bob Woodward', 'F', '1990-04-14', 'Brazil'),
(1652, 'Bob Curtis', 'M', '1957-03-02', 'China'),
(1653, 'Carol Henry', 'F', '1973-08-02', 'Mexico'),
(1654, 'J. Benton Cheney', 'M', '1977-02-23', 'Germany'),
(1655, 'Noel Neill', 'F', '1976-05-13', 'U.S.'),
(1656, 'Mae Clarke', 'M', '1994-05-26', 'China'),
(1657, 'Kenne Duncan', 'F', '1983-04-27', 'Brazil'),
(1658, 'Marshall Reed', 'F', '1957-04-17', 'U.S.'),
(1659, 'Steve Clark', 'M', '1974-03-17', 'U.S.'),
(1660, 'Ted Adams', 'M', '1992-07-07', 'France'),
(1661, 'Bud Osborne', 'F', '1971-07-01', 'Italia'),
(1662, 'Hans Müller', 'M', '1975-08-02', 'Germany'),
(1663, 'Artur A. Kuhnert', 'F', '1991-12-10', 'Germany'),
(1664, 'Kirsten Heiberg', 'F', '1962-03-01', 'U.S.'),
(1665, 'Paul Henckels', 'F', '1966-11-20', 'Germany'),
(1666, 'Catja Görna', 'M', '1962-01-19', 'Germany'),
(1667, 'Heinz Engelmann', 'M', '1974-07-13', 'Germany'),
(1668, 'Wolfgang Lukschy', 'F', '1982-04-09', 'Germany'),
(1669, 'Josef Sieber', 'M', '1953-07-18', 'Germany'),
(1670, 'Arno Assmann', 'M', '1967-01-02', 'Germany'),
(1671, 'Peter Mosbacher', 'M', '1963-06-25', 'Germany'),
(1672, 'Joseph Offenbach', 'M', '1983-05-21', 'Germany'),
(1673, 'Erwin Geschonneck', 'F', '1967-02-13', 'Germany'),
(1674, 'Katharina Brauren', 'M', '1958-06-04', 'Germany'),
(1675, 'Tilla Hohmann', 'M', '1987-03-23', 'Germany'),
(1676, 'Thessy Kuhls', 'F', '1984-06-27', 'Germany'),
(1677, 'Ruth Lommel', 'F', '1959-09-23', 'Germany'),
(1678, 'Franz Schafheitlin', 'F', '1984-01-11', 'Germany'),
(1679, 'Rudolf Jugert', 'F', '1973-09-14', 'Germany'),
(1680, 'Margot Hielscher', 'F', '1971-06-24', 'Brazil'),
(1681, 'Helmut Weiss', 'M', '1969-08-17', 'Korean'),
(1682, 'Hans Söhnker', 'M', '1969-10-24', 'France'),
(1683, 'Peter van Eyck', 'M', '1975-03-21', 'Germany'),
(1684, 'Bobby Todd', 'F', '1956-06-28', 'China'),
(1685, 'Heidi Scharf', 'M', '1963-01-09', 'Mexico'),
(1686, 'Iska Geri', 'M', '1978-01-22', 'Germany'),
(1687, 'Hannelore Bollmann', 'F', '1989-08-15', 'Mexico'),
(1688, 'Madelon Truß', 'M', '1978-07-07', 'Germany'),
(1689, 'Werner Scharfenberger', 'M', '1968-07-12', 'Italia'),
(1690, 'Richard Bendig', 'M', '1990-03-22', 'U.S.'),
(1691, 'Oliver Hassencamp', 'M', '1992-01-24', 'England'),
(1692, 'Johannes Buzalski', 'M', '1989-06-16', 'U.S.'),
(1693, 'Toni Thormal', 'M', '1978-08-23', 'China'),
(1694, 'Jürgen Wulf', 'F', '1960-03-07', 'China'),
(1695, 'Peter Fiedler', 'F', '1994-09-09', 'England'),
(1696, 'Robert McKimson', 'F', '1985-02-10', 'England'),
(1697, 'Sid Marcus', 'F', '1990-03-12', 'Germany'),
(1698, 'Mel Blanc', 'M', '1955-12-18', 'Italia'),
(1803, 'Peter Jackson', 'M', '1981-03-03', 'USA'),
(1804, 'J.R.R. Tolkien', 'M', '1963-08-22', 'Italia'),
(1805, 'Fran Walsh', 'M', '1965-08-17', 'Germany'),
(1806, 'Alan Howard', 'F', '1956-07-09', 'England'),
(1807, 'Elijah Wood', 'M', '1954-12-04', 'Mexico'),
(1808, 'Noel Appleby', 'M', '1969-02-27', 'Mexico'),
(1809, 'Sean Astin', 'F', '1950-04-12', 'Germany'),
(1810, 'Sala Baker', 'F', '1960-02-17', 'China'),
(1811, 'Sean Bean', 'F', '1966-11-28', 'Germany'),
(1812, 'Cate Blanchett', 'M', '1979-03-16', 'U.S.'),
(1813, 'Orlando Bloom', 'F', '1985-06-11', 'U.S.'),
(1814, 'Billy Boyd', 'M', '1993-07-08', 'Mexico'),
(1815, 'Marton Csokas', 'M', '1957-01-19', 'Italia'),
(1816, 'Megan Edwards', 'F', '1970-01-23', 'Japan'),
(1817, 'Michael Elsworth', 'M', '1951-08-21', 'France'),
(1818, 'Mark Ferguson', 'M', '1969-09-18', 'U.S.'),
(1819, 'Ian Holm', 'M', '1955-08-28', 'U.S.'),
(1820, 'Christopher Lee', 'F', '1960-11-19', 'France'),
(1821, 'Stephen Hopkins', 'M', '1988-06-24', 'Germany'),
(1822, 'Irwin Allen', 'M', '1967-08-03', 'Japan'),
(1823, 'Akiva Goldsman', 'F', '1950-01-18', 'Brazil'),
(1824, 'Gary Oldman', 'M', '1985-07-05', 'Japan'),
(1825, 'William Hurt', 'M', '1989-09-18', 'Mexico'),
(1826, 'Matt LeBlanc', 'M', '1988-06-23', 'China'),
(1827, 'Mimi Rogers', 'F', '1969-08-27', 'England'),
(1828, 'Heather Graham', 'F', '1991-02-18', 'England'),
(1829, 'Lacey Chabert', 'F', '1951-04-18', 'England'),
(1830, 'Jack Johnson', 'M', '1978-11-28', 'France'),
(1831, 'Jared Harris', 'M', '1958-01-14', 'Italia'),
(1832, 'Mark Goddard', 'M', '1990-01-27', 'China'),
(1833, 'Lennie James', 'M', '1991-03-12', 'Korean'),
(1834, 'Marta Kristen', 'F', '1992-10-04', 'England'),
(1835, 'June Lockhart', 'F', '1984-05-24', 'Brazil'),
(1836, 'Edward Fox', 'F', '1957-11-09', 'England'),
(1837, 'Adam Sims', 'M', '1967-02-11', 'Korean'),
(1838, 'Angela Cartwright', 'F', '1964-07-18', 'Korean'),
(1839, 'Lisa Addario', 'F', '1984-04-27', 'Korean'),
(1840, 'Joe Syracuse', 'F', '1967-11-23', 'Mexico'),
(1841, 'Tara Subkoff', 'F', '1952-12-23', 'Brazil'),
(1842, 'Sandra Bernhard', 'M', '1978-09-22', 'Mexico'),
(1843, 'Kristy Swanson', 'M', '1976-04-07', 'England'),
(1844, 'Loretta Devine', 'M', '1969-09-23', 'Italia'),
(1845, 'Susan Barnes', 'M', '1963-05-01', 'Germany'),
(1846, 'Renée Humphrey', 'M', '1993-04-17', 'Germany'),
(1847, 'Sahara Lotti', 'M', '1991-08-06', 'U.S.'),
(1848, 'Tim Griffin', 'M', '1976-02-24', 'Korean'),
(1849, 'William Utay', 'M', '1979-01-02', 'U.S.'),
(1850, 'Leonard Termo', 'M', '1955-05-21', 'Mexico'),
(1851, 'Robert Romanus', 'F', '1965-11-22', 'U.S.'),
(1852, 'Eric Siegel', 'M', '1962-03-10', 'Korean'),
(1853, 'Kurt Bryant', 'F', '1990-12-24', 'France'),
(1854, 'Cullen G. Chambers', 'F', '1973-02-17', 'Germany'),
(1855, 'Roger Cantin', 'F', '1987-06-25', 'Brazil'),
(1856, 'Manuel Aranguiz', 'M', '1954-08-01', 'Japan'),
(1857, 'Jean Pierre Bergeron', 'M', '1952-12-27', 'Germany'),
(1858, 'Pierre-Luc Brillant', 'M', '1965-08-06', 'Mexico'),
(1859, 'Raymond Cloutier', 'M', '1963-06-27', 'Mexico'),
(1860, 'Steve Gendron', 'F', '1993-10-13', 'Mexico'),
(1861, 'Magali Gevaert', 'F', '1993-09-18', 'China'),
(1862, 'Germain Houde', 'M', '1950-11-09', 'Germany'),
(1863, 'Marc Labrèche', 'M', '1956-06-01', 'Mexico'),
(1864, 'Jack Lapointe', 'F', '1983-11-16', 'Korean'),
(1865, 'Jessica Malka', 'M', '1986-10-09', 'Italia'),
(1866, 'Marie-France Monette', 'F', '1993-05-23', 'Germany'),
(1867, 'Émile Proulx-Cloutier', 'M', '1983-11-19', 'Korean'),
(1868, 'Patricia Pérez', 'M', '1969-06-06', 'Italia'),
(1869, 'Harold Becker', 'F', '1957-06-08', 'Japan'),
(1870, 'Ryne Douglas Pearson', 'M', '1992-10-28', 'England'),
(1871, 'Lawrence Konner', 'M', '1972-11-26', 'Brazil'),
(1872, 'Bruce Willis', 'F', '1974-03-23', 'Italia'),
(1873, 'Alec Baldwin', 'M', '1960-09-07', 'Italia'),
(1874, 'Miko Hughes', 'F', '1982-09-25', 'France'),
(1875, 'Chi McBride', 'M', '1957-06-18', 'Japan'),
(1876, 'Kim Dickens', 'F', '1981-01-14', 'Mexico'),
(1877, 'Robert Stanton', 'F', '1978-08-12', 'China'),
(1878, 'Bodhi Elfman', 'M', '1958-06-09', 'Japan'),
(1879, 'Carrie Preston', 'F', '1963-05-22', 'Mexico'),
(1880, 'Lindsey Ginter', 'M', '1974-09-26', 'Germany'),
(1881, 'Peter Stormare', 'M', '1972-07-03', 'France'),
(1882, 'Kevin Conway', 'M', '1984-05-26', 'U.S.'),
(1883, 'John Carroll Lynch', 'M', '1951-05-22', 'U.S.'),
(1884, 'Kelley Hazen', 'M', '1967-04-20', 'China'),
(1885, 'John Doman', 'F', '1976-05-14', 'England'),
(1886, 'Richard Riehle', 'M', '1956-12-07', 'England'),
(1887, 'Ron Underwood', 'M', '1990-03-13', 'Korean'),
(1888, 'Merian C. Cooper', 'F', '1992-03-24', 'England'),
(1889, 'Ruth Rose', 'M', '1994-08-21', 'Brazil'),
(1890, 'Charlize Theron', 'F', '1969-01-22', 'Japan'),
(1891, 'Bill Paxton', 'F', '1957-03-07', 'Brazil'),
(1892, 'Rade Serbedzija', 'M', '1971-08-09', 'Mexico'),
(1893, 'Peter Firth', 'M', '1965-12-23', 'U.S.'),
(1894, 'David Paymer', 'F', '1961-10-17', 'Italia'),
(1895, 'Regina King', 'M', '1977-12-26', 'Italia'),
(1896, 'Robert Wisdom', 'M', '1956-03-10', 'Brazil'),
(1897, 'Naveen Andrews', 'F', '1976-06-26', 'U.S.'),
(1898, 'Lawrence Pressman', 'F', '1967-03-24', 'England'),
(1899, 'Linda Purl', 'F', '1992-01-17', 'Germany'),
(1900, 'Mika Boorem', 'F', '1964-04-25', 'Mexico'),
(1901, 'Geoffrey Blake', 'F', '1956-01-17', 'Korean'),
(1902, 'Christian Clemenson', 'F', '1955-05-20', 'Italia'),
(1903, 'Cory Buck', 'M', '1953-10-06', 'Brazil'),
(1904, 'Liz Georges', 'M', '1987-07-23', 'Brazil'),
(1905, 'Wim Wenders', 'F', '1978-03-21', 'U.S.'),
(1906, 'Bono', 'M', '1954-03-03', 'France'),
(1907, 'Nicholas Klein', 'F', '1972-06-04', 'England'),
(1908, 'Jeremy Davies', 'F', '1960-09-06', 'U.S.'),
(1909, 'Milla Jovovich', 'M', '1969-07-10', 'Mexico'),
(1910, 'Mel Gibson', 'M', '1964-08-22', 'France'),
(1911, 'Jimmy Smits', 'F', '1965-06-13', 'Italia'),
(1912, 'Amanda Plummer', 'F', '1955-06-24', 'U.S.'),
(1913, 'Gloria Stuart', 'M', '1968-04-18', 'Japan'),
(1914, 'Tom Bower', 'M', '1990-09-27', 'England'),
(1915, 'Donal Logue', 'F', '1952-05-15', 'Japan'),
(1916, 'Bud Cort', 'F', '1969-03-15', 'Japan'),
(1917, 'Julian Sands', 'M', '1961-11-22', 'Brazil'),
(1918, 'Conrad Roberts', 'M', '1964-04-19', 'Japan'),
(1919, 'Harris Yulin', 'F', '1991-10-03', 'Brazil'),
(1920, 'Charlayne Woodard', 'M', '1966-04-02', 'Germany'),
(1921, 'Ellen Cleghorne', 'M', '1951-09-26', 'Japan'),
(1922, 'Brian Skeet', 'F', '1956-02-11', 'Germany'),
(1923, 'Cathleen Schine', 'M', '1963-02-05', 'Italia'),
(1924, 'Parker Posey', 'F', '1975-07-07', 'England'),
(1925, 'Jeremy Northam', 'M', '1965-10-11', 'Italia'),
(1926, 'Craig Chester', 'M', '1975-03-16', 'Germany'),
(1927, 'Elizabeth McGovern', 'F', '1953-01-07', 'Mexico'),
(1928, 'Brooke Shields', 'M', '1989-04-24', 'France'),
(1929, 'Corbin Bernsen', 'F', '1976-07-01', 'China'),
(1930, 'Justine Waddell', 'F', '1985-08-11', 'Mexico'),
(1931, 'Patrick Bruel', 'F', '1972-05-17', 'Italia'),
(1932, 'Stéphane Freiss', 'F', '1975-08-22', 'Mexico'),
(1933, 'Amy Phillips', 'F', '1975-10-07', 'France'),
(1934, 'Alexis Denisof', 'F', '1960-09-05', 'France'),
(1935, 'Sylvie Testud', 'M', '1975-08-06', 'Germany'),
(1936, 'Al Mackenzie', 'F', '1980-04-28', 'Brazil'),
(1937, 'Kerry Shale', 'M', '1954-01-09', 'Korean'),
(1938, 'Jeff Harding', 'M', '1956-05-03', 'Germany'),
(1939, 'John Woo', 'F', '1954-04-12', 'France'),
(1940, 'Bruce Geller', 'F', '1973-11-19', 'U.S.'),
(1941, 'Ronald D. Moore', 'F', '1953-12-06', 'England'),
(1942, 'Tom Cruise', 'M', '1987-03-16', 'U.S.'),
(1943, 'Dougray Scott', 'F', '1966-09-13', 'Brazil'),
(1944, 'Thandie Newton', 'F', '1953-01-11', 'China'),
(1945, 'Ving Rhames', 'M', '1974-07-13', 'Italia'),
(1946, 'Richard Roxburgh', 'M', '1964-05-18', 'Japan'),
(1947, 'John Polson', 'M', '1986-09-15', 'Japan'),
(1948, 'Brendan Gleeson', 'M', '1955-07-14', 'France'),
(1949, 'William Mapother', 'M', '1950-07-19', 'Italia'),
(1950, 'Dominic Purcell', 'F', '1991-08-07', 'England'),
(1951, 'Mathew Wilkinson', 'F', '1983-06-25', 'Japan'),
(1952, 'Nicholas Bell', 'M', '1970-06-23', 'U.S.'),
(1953, 'Cristina Brogeras', 'F', '1971-08-14', 'Germany'),
(1954, 'Kee Chan', 'F', '1982-02-24', 'Germany'),
(1955, 'Kim Fleming', 'F', '1981-02-28', 'Japan'),
(1956, 'Bruce Allpress', 'M', '1977-09-28', 'Italia'),
(1957, 'John Bach', 'M', '1971-11-09', 'Mexico'),
(1958, 'Jed Brophy', 'F', '1956-01-02', 'U.S.'),
(1959, 'Sam Comery', 'M', '1957-12-26', 'China'),
(1960, 'Brad Dourif', 'M', '1955-03-19', 'France'),
(1961, 'Calum Gittins', 'F', '1992-02-26', 'England'),
(1962, 'Bernard Hill', 'F', '1976-07-25', 'England'),
(1963, 'Bruce Hopkins', 'M', '1989-07-16', 'China'),
(1964, 'Paris Howe Strewe', 'F', '1978-11-01', 'China'),
(1965, 'Del Lord', 'F', '1977-08-11', 'Japan'),
(1966, 'Ewart Adamson', 'F', '1974-04-20', 'Italia'),
(1967, 'Harry Edwards', 'F', '1974-04-01', 'Italia'),
(1968, 'Andy Clyde', 'M', '1957-07-09', 'Japan'),
(1969, 'Esther Howard', 'F', '1966-02-17', 'France'),
(1970, 'Ann Doran', 'M', '1956-10-20', 'Brazil'),
(1971, 'Luana Walters', 'M', '1974-08-08', 'Brazil'),
(1972, 'Harry Seymour', 'M', '1972-07-22', 'U.S.'),
(1973, 'Vernon Dent', 'M', '1984-12-10', 'Brazil'),
(1974, 'Blanche Payson', 'F', '1973-09-13', 'China'),
(1975, 'Stanley Brown', 'M', '1950-01-05', 'Japan'),
(1976, 'John Tyrrell', 'M', '1981-11-15', 'Brazil'),
(1977, 'Eddie Laughton', 'M', '1985-05-26', 'Japan'),
(1978, 'Claire Carleton', 'M', '1993-04-24', 'Japan'),
(1979, 'Timothy Bond', 'F', '1991-05-23', 'France'),
(1980, 'Linda Howard', 'M', '1985-11-08', 'Germany'),
(1981, 'Charles Lazer', 'M', '1981-08-01', 'Italia'),
(1982, 'Nick Mancuso', 'M', '1992-12-23', 'Germany'),
(1983, 'Kelly Rowan', 'F', '1990-04-27', 'Japan'),
(1984, 'Shari Belafonte', 'F', '1959-08-25', 'Brazil'),
(1985, 'Winston Rekert', 'F', '1983-11-20', 'Japan'),
(1986, 'Eugene Robert Glazer', 'M', '1981-10-19', 'France'),
(1987, 'Tom Haney', 'M', '1975-02-22', 'Germany'),
(1988, 'Karl Bury', 'M', '1959-12-04', 'France'),
(1989, 'Tom Tasse', 'M', '1988-11-18', 'England'),
(1990, 'Matthew Marshall', 'F', '1984-07-05', 'Germany'),
(1991, 'Nancy Regan', 'F', '1962-12-27', 'England'),
(1992, 'Ron Kronstein', 'M', '1958-02-04', 'England'),
(1993, 'Reginald Denham', 'M', '1989-10-12', 'Mexico'),
(1994, 'Matthew Brennan', 'M', '1991-10-19', 'Italia'),
(1995, 'Basil Mason', 'M', '1955-03-06', 'China'),
(1996, 'Richard Dolman', 'M', '1975-10-14', 'Germany'),
(1997, 'Aileen Marson', 'F', '1970-08-19', 'France'),
(1998, 'Anna Lee', 'M', '1978-11-19', 'Germany'),
(1999, 'Annie Esmond', 'M', '1963-05-13', 'France'),
(2000, 'Roland Culver', 'M', '1968-02-25', 'Italia'),
(2001, 'Noel Shannon', 'F', '1960-01-17', 'France'),
(2002, 'Joan White', 'F', '1993-04-21', 'Japan'),
(2003, 'Gordon McLeod', 'F', '1965-05-27', 'Italia'),
(2004, 'Albert Gendelshtein', 'M', '1992-07-20', 'U.S.'),
(2005, 'P. Kolomytsev', 'F', '1954-08-20', 'China'),
(2006, 'Sergei Yermolinsky', 'M', '1956-12-20', 'Brazil'),
(2007, 'Emma Tsesarskaya', 'F', '1982-01-08', 'Mexico'),
(2008, 'Aleksandr Chistyakov', 'F', '1955-08-27', 'France'),
(2009, 'Rina Zelyonaya', 'F', '1980-03-13', 'Japan'),
(2010, 'Andrei Abrikosov', 'M', '1969-08-08', 'France'),
(2011, 'Viktor Stanitsyn', 'M', '1973-08-14', 'Germany'),
(2012, 'Mikhail Kedrov', 'M', '1987-08-23', 'France'),
(2013, 'Varvara Popova', 'F', '1970-02-16', 'China'),
(2014, 'Vladimir Khenkin', 'F', '1982-12-15', 'Brazil'),
(2015, 'Sergei Komarov', 'M', '1973-02-24', 'Japan'),
(2016, 'Sergei Stolyarov', 'M', '1956-07-13', 'France'),
(2017, 'Nikolay Kryuchkov', 'F', '1989-02-17', 'Japan'),
(2018, 'Vera Maretskaya', 'F', '1966-04-22', 'Brazil'),
(2019, 'Mikhail Zharov', 'F', '1985-08-17', 'France'),
(2020, 'Alexandra Astin', 'M', '1972-02-02', 'Brazil'),
(2021, 'David Aston', 'M', '1976-01-11', 'Mexico'),
(2022, 'Sadwyn Brophy', 'F', '1982-02-20', 'Korean'),
(2023, 'Alistair Browning', 'F', '1965-03-14', 'France'),
(2024, 'Richard Edge', 'M', '1973-04-20', 'Korean'),
(2025, 'Jason Fitch', 'F', '1952-11-23', 'Italia'),
(2026, 'Philippa Boyens', 'F', '1977-10-03', 'China'),
(2027, 'Ian McKellen', 'F', '1989-07-20', 'U.S.'),
(2028, 'Martin Freeman', 'M', '1967-11-14', 'Mexico'),
(2029, 'Richard Armitage', 'M', '1957-02-06', 'Japan'),
(2030, 'Ken Stott', 'F', '1950-03-10', 'China'),
(2031, 'Graham McTavish', 'M', '1991-06-28', 'Germany'),
(2032, 'William Kircher', 'F', '1978-10-23', 'England'),
(2033, 'James Nesbitt', 'M', '1987-02-28', 'Mexico'),
(2034, 'Stephen Hunter', 'M', '1959-01-07', 'Japan'),
(2035, 'Dean O''Gorman', 'F', '1967-04-23', 'Japan'),
(2036, 'Aidan Turner', 'F', '1983-04-01', 'China'),
(2037, 'John Callen', 'M', '1988-07-11', 'U.S.'),
(2038, 'Peter Hambleton', 'M', '1967-04-03', 'Germany'),
(2039, 'Mark Hadlow', 'M', '1967-06-07', 'Mexico'),
(2040, 'Adam Brown', 'M', '1984-09-20', 'Italia'),
(2041, 'David McWilliams', 'F', '1952-09-04', 'Japan'),
(2042, 'Jeffrey Nodelman', 'F', '1971-06-17', 'Mexico'),
(2043, 'Tim Baney', 'F', '1965-05-20', 'Germany'),
(2044, 'Alexander Emmert', 'F', '1973-04-08', 'China'),
(2045, 'P.J. O''Rourke', 'M', '1953-09-12', 'Mexico'),
(2046, 'Erick Zonca', 'M', '1973-09-18', 'China'),
(2047, 'Roger Bohbot', 'F', '1982-07-22', 'Brazil'),
(2048, 'Michael Collins', 'M', '1987-08-03', 'Mexico'),
(2049, 'Tilda Swinton', 'F', '1986-02-18', 'China'),
(2050, 'Saul Rubinek', 'M', '1971-08-27', 'Brazil'),
(2051, 'Kate del Castillo', 'M', '1959-07-27', 'Korean'),
(2052, 'Aidan Gould', 'M', '1975-09-06', 'Mexico'),
(2053, 'Jude Ciccolella', 'M', '1957-07-28', 'England'),
(2054, 'Bruno Bichir', 'F', '1963-12-17', 'Mexico'),
(2055, 'Horacio Garcia Rojas', 'M', '1980-09-25', 'Japan'),
(2056, 'Mauricio Moreno', 'M', '1992-05-08', 'Mexico'),
(2057, 'Gaston Peterson', 'F', '1963-09-06', 'Japan'),
(2058, 'Kevin Kilner', 'F', '1978-11-18', 'U.S.'),
(2059, 'John Bellucci', 'M', '1952-01-11', 'Japan'),
(2060, 'Ezra Buzzington', 'F', '1990-07-21', 'Germany'),
(2061, 'Roger Cudney', 'M', '1951-03-04', 'Brazil'),
(2062, 'Eugene Byrd', 'M', '1977-09-08', 'Italia'),
(2063, 'Sandro Kopp', 'F', '1979-07-14', 'U.S.'),
(2064, 'Jesse Wheeler', 'M', '1967-08-20', 'Germany'),
(2065, 'Brendan Hines', 'F', '1984-02-19', 'China'),
(2066, 'Paul Dillon', 'M', '1977-05-18', 'Italia'),
(2067, 'William Windom', 'M', '1994-08-08', 'Mexico'),
(2068, 'Diane Sellers', 'M', '1982-02-24', 'England'),
(2069, 'Patrick Rafferty', 'M', '1973-04-20', 'U.S.'),
(2070, 'Robert Amico', 'M', '1954-12-09', 'England'),
(2071, 'Christian Reeve', 'F', '1963-08-22', 'Germany'),
(2072, 'Jeff Blagg', 'M', '1988-11-12', 'China'),
(2073, 'Jonathan Erickson Eisley', 'F', '1977-02-04', 'Korean'),
(2074, 'George Zwierzynski Jr.', 'M', '1979-11-18', 'Brazil'),
(2075, 'Aric Green', 'F', '1959-04-19', 'Mexico'),
(2076, 'Dave Hill', 'M', '1960-09-07', 'China'),
(2077, 'Bobby Neely', 'M', '1992-03-28', 'France'),
(2078, 'Eric Normington', 'M', '1967-07-09', 'Mexico'),
(2079, 'Christopher Roach', 'F', '1952-04-26', 'U.S.'),
(2080, 'Mehrdad Sarlak', 'M', '1976-10-08', 'Mexico'),
(2081, 'Sarah Spain', 'M', '1992-10-14', 'China'),
(2082, 'Brad Stevens', 'M', '1953-07-19', 'U.S.'),
(2083, 'Summer Stevens', 'F', '1980-08-04', 'Mexico'),
(2084, 'Chris Tallman', 'F', '1975-01-07', 'U.S.'),
(2085, 'Matt Taylor', 'F', '1977-05-02', 'China'),
(2086, 'Matthew Taylor', 'M', '1959-11-13', 'Italia'),
(2087, 'Scott Buzz', 'M', '1961-12-07', 'Italia'),
(2088, 'Alex Buzz', 'F', '1983-12-24', 'Italia'),
(2089, 'Brian Crooks', 'M', '1974-07-27', 'England'),
(2090, 'Nichole Dube', 'F', '1950-09-16', 'Brazil'),
(2091, 'Valerian Bennett', 'M', '1971-06-02', 'England'),
(2092, 'Jonathan Haug', 'M', '1987-06-26', 'France'),
(2093, 'The United States Marine Corps', 'F', '1982-12-03', 'Korean'),
(2094, 'Shan-hsi Ting', 'M', '1982-10-09', 'England'),
(2095, 'Paul Chang', 'F', '1981-12-22', 'Brazil'),
(2096, 'Yi Kuei Chang', 'M', '1985-09-18', 'Korean'),
(2097, 'Yi-fei Chang', 'F', '1970-02-06', 'Korean'),
(2098, 'Hsin Yi Chen', 'M', '1981-12-17', 'Korean'),
(2099, 'Sha-li Chen', 'M', '1987-02-18', 'Germany'),
(2100, 'Fu Hung Cheng', 'F', '1979-05-20', 'U.S.'),
(2101, 'Chun Chou', 'M', '1975-02-01', 'France'),
(2102, 'Bo Lin Chu', 'F', '1962-09-22', 'U.S.'),
(2103, 'Su Han', 'F', '1983-06-13', 'France'),
(2104, 'Kang Ho', 'M', '1980-08-05', 'U.S.'),
(2105, 'Wai Hung Ho', 'F', '1987-11-25', 'Mexico'),
(2106, 'Po Wei Hou', 'F', '1966-02-10', 'Mexico'),
(2107, 'Fan Hsia', 'F', '1993-07-11', 'Mexico'),
(2108, 'Han Hsieh', 'F', '1952-08-03', 'France'),
(2109, 'Hsing Hsieh', 'M', '1992-11-28', 'Korean'),
(2110, 'Vera Takács', 'M', '1971-05-18', 'Brazil'),
(2111, 'Klára Fehér', 'M', '1967-06-15', 'Mexico'),
(2112, 'Petra Hartai', 'F', '1977-12-09', 'China'),
(2113, 'Laura Döbrösi', 'M', '1955-10-15', 'Mexico'),
(2114, 'Krisztina Rátonyi', 'M', '1960-02-24', 'Italia'),
(2115, 'Alexa Kardos', 'M', '1972-06-18', 'England'),
(2116, 'Soma Markó', 'M', '1994-08-20', 'Japan'),
(2117, 'Judit Schell', 'M', '1994-06-24', 'Germany'),
(2118, 'Györgyi Kari', 'M', '1963-03-03', 'Germany'),
(2119, 'Márk Jelinek', 'F', '1957-05-10', 'Brazil'),
(2120, 'Katinka Kesjár', 'F', '1968-08-08', 'China'),
(2121, 'Botond Somsits', 'F', '1965-10-23', 'Italia'),
(2122, 'József Medve', 'F', '1957-05-22', 'Korean'),
(2123, 'Annamária Szilágyi', 'F', '1952-10-11', 'Brazil'),
(2124, 'Arnold Nyári', 'M', '1989-12-04', 'Japan'),
(2125, 'Éva Szente', 'M', '1974-04-05', 'Mexico'),
(2126, 'Sándor Pintér', 'F', '1950-01-03', 'France'),
(2127, 'Ahmed Boulane', 'M', '1973-07-20', 'Japan'),
(2128, 'Mohamed Laroussi', 'M', '1957-10-26', 'Mexico'),
(2129, 'Hassan El Fad', 'F', '1970-12-11', 'Brazil'),
(2130, 'Amal Chabli', 'F', '1969-09-01', 'Japan'),
(2131, 'Salah Dizane', 'M', '1982-11-06', 'Japan'),
(2132, 'Habiba El Medkouri', 'F', '1963-04-28', 'Brazil'),
(2133, 'Abdelahk Lazali', 'M', '1963-09-28', 'Germany'),
(2134, 'Hind Saadidi', 'F', '1967-05-19', 'U.S.'),
(2135, 'Mustapha Tabit', 'F', '1978-02-06', 'England'),
(2136, 'Angelina Jolie', 'M', '1984-03-14', 'France'),
(2137, 'Hazel Armenante', 'F', '1950-01-22', 'Germany'),
(2138, 'Nicole Barré', 'F', '1966-02-10', 'England'),
(2139, 'Anne Hathaway', 'F', '1973-05-27', 'China'),
(2140, 'Djimon Hounsou', 'F', '1958-10-08', 'Japan'),
(2141, 'Wyclef Jean', 'F', '1951-11-09', 'Mexico'),
(2142, 'Bai Ling', 'M', '1963-06-20', 'Brazil'),
(2143, 'Olivier Martinez', 'F', '1969-03-06', 'Italia'),
(2144, 'Jonny Lee Miller', 'F', '1981-09-05', 'U.S.'),
(2145, 'Kamalo Deen', 'F', '1956-09-16', 'China'),
(2146, 'Adrian James', 'F', '1987-09-21', 'France'),
(2147, 'John Kennedy', 'F', '1970-09-11', 'Mexico'),
(2148, 'Kenneth Blackmore', 'F', '1965-11-04', 'Italia'),
(2149, 'Diego Cabrera', 'F', '1976-12-16', 'China'),
(2150, 'Kun Chang', 'M', '1986-11-17', 'Mexico'),
(2151, 'Richard Lemire', 'M', '1988-06-20', 'China'),
(2152, 'Louis-Philippe Dury', 'M', '1980-08-21', 'U.S.'),
(2153, 'Michel Perron', 'M', '1974-12-05', 'Brazil'),
(2154, 'Jennifer Seguin', 'M', '1983-03-22', 'Italia'),
(2155, 'Daniel Tirado', 'M', '1980-10-16', 'Mexico'),
(2156, 'Elyzabeth Walling', 'M', '1991-08-04', 'Italia'),
(2157, 'Bob Geldof', 'M', '1984-04-28', 'Italia'),
(2158, 'David Gilmour', 'F', '1984-06-03', 'Korean'),
(2159, 'Tom Jones', 'F', '1993-08-08', 'Germany'),
(2160, 'Michael McKean', 'F', '1973-05-07', 'Mexico'),
(2161, 'Seal', 'F', '1958-02-20', 'France'),
(2162, 'Harry Shearer', 'F', '1972-09-12', 'England'),
(2163, 'Sting', 'F', '1964-04-22', 'Brazil'),
(2164, 'Benedict Cumberbatch', 'F', '1960-09-28', 'Mexico'),
(2165, 'Evangeline Lilly', 'F', '1960-08-03', 'Italia'),
(2166, 'Luke Evans', 'F', '1977-04-02', 'Brazil'),
(2167, 'Hugo Weaving', 'F', '1969-12-04', 'China'),
(2168, 'Lee Pace', 'M', '1986-05-14', 'Japan'),
(2169, 'Manu Bennett', 'M', '1959-05-16', 'Korean'),
(2170, 'Andy Serkis', 'F', '1964-06-07', 'Germany'),
(2171, 'Billy Connolly', 'M', '1993-10-03', 'Brazil'),
(2172, 'Mamat Khalid', 'M', '1991-07-22', 'France'),
(2173, 'Rosyam Nor', 'F', '1958-12-08', 'Germany'),
(2174, 'Umie Aida', 'M', '1984-01-19', 'France'),
(2175, 'Avaa Vanja', 'F', '1980-12-09', 'Germany'),
(2176, 'Corinne Adrienne', 'F', '1978-08-02', 'China'),
(2177, 'Farid Kamil', 'M', '1987-03-28', 'China'),
(2178, 'Kuswadinata', 'M', '1991-10-05', 'Brazil'),
(2179, 'Bront Palarae', 'M', '1991-02-08', 'U.S.'),
(2180, 'David Teo', 'M', '1957-11-21', 'China'),
(2181, 'Scott Leslie', 'F', '1953-07-06', 'Japan'),
(2182, 'Selah Joy', 'F', '1950-03-13', 'Japan'),
(2183, 'Avery Leslie', 'F', '1978-09-01', 'England'),
(2184, 'Alicia Randolph', 'F', '1970-06-01', 'U.S.'),
(2185, 'Ulrich Erfurth', 'F', '1964-10-14', 'Brazil'),
(2186, 'Pedro Calderón de la Barca', 'F', '1960-02-28', 'France'),
(2187, 'Eugen Gürster', 'F', '1974-11-06', 'France'),
(2188, 'Carl Lange', 'M', '1985-03-18', 'England'),
(2189, 'Thomas Holtzmann', 'M', '1975-04-21', 'Korean'),
(2190, 'Ullrich Haupt', 'F', '1970-08-23', 'Germany'),
(2191, 'Herbert A.E. Böhme', 'F', '1979-05-26', 'Korean'),
(2192, 'Krista Keller', 'M', '1959-04-02', 'Brazil'),
(2193, 'Inge Langen', 'M', '1953-07-25', 'China'),
(2194, 'Alfred Schieske', 'F', '1987-04-25', 'China'),
(2195, 'Kurt Weitkamp', 'F', '1976-09-22', 'Germany'),
(2196, 'Wolf Schlamminger', 'M', '1986-06-08', 'Mexico'),
(2197, 'Reinhard Music', 'M', '1982-08-18', 'Japan'),
(2198, 'Fred Maire', 'M', '1982-11-25', 'Italia'),
(2199, 'Ken Walshe', 'M', '1982-11-05', 'Korean'),
(2200, 'Niamh Cusack', 'F', '1958-03-24', 'Brazil'),
(2201, 'Anders Habenicht', 'M', '1982-07-15', 'Mexico'),
(2202, 'Per Hanefjord', 'M', '1955-01-08', 'Italia'),
(2203, 'Therese Ahlbeck', 'F', '1991-09-27', 'Germany'),
(2204, 'Olivia Demant', 'M', '1994-09-20', 'Mexico'),
(2205, 'Morgan Alling', 'M', '1974-01-26', 'U.S.'),
(2206, 'Brasse Brännström', 'F', '1976-08-21', 'Brazil'),
(2207, 'Nils Eklund', 'M', '1954-01-25', 'China'),
(2208, 'Björn Gustafson', 'F', '1958-09-18', 'Mexico'),
(2209, 'Sofie Hamilton', 'F', '1956-06-22', 'Mexico'),
(2210, 'Ulricha Johnson', 'M', '1957-03-16', 'Japan'),
(2211, 'Anki Larsson', 'M', '1953-09-21', 'Japan'),
(2212, 'Per Ragnar', 'M', '1985-02-22', 'U.S.'),
(2213, 'Sylvia Rauan', 'M', '1985-08-05', 'Brazil'),
(2214, 'Mikael Rundquist', 'F', '1993-07-14', 'Mexico'),
(2215, 'Astrid Schöldström', 'M', '1983-07-16', 'Korean'),
(2216, 'Gustaf Skarsgård', 'M', '1967-12-20', 'England'),
(2217, 'Fyr Thorvald Strömberg', 'F', '1956-10-28', 'Italia'),
(2218, 'Margreth Weivers', 'M', '1959-11-09', 'France'),
(2219, 'Alain Lefebvre', 'M', '1957-01-16', 'Brazil'),
(2220, 'Jose Maria Benitez', 'F', '1974-09-13', 'Korean'),
(2221, 'David Durán', 'M', '1986-06-06', 'Brazil'),
(2222, 'Pedro Pablo Isla', 'M', '1965-08-24', 'England'),
(2223, 'Irvine Welsh', 'M', '1961-02-04', 'England'),
(2224, 'James Akpotor', 'M', '1982-09-10', 'Germany'),
(2225, 'Gabriel Uché Akujobi', 'F', '1959-05-08', 'Mexico'),
(2226, 'Graham Cantwell', 'F', '1988-11-03', 'Italia'),
(2227, 'Joe McKinney', 'M', '1994-08-09', 'France'),
(2228, 'Celine Mullins', 'F', '1951-04-16', 'Mexico'),
(2229, 'Rachel Rath', 'M', '1954-09-28', 'Japan'),
(2230, 'Olga Wehrly', 'F', '1974-02-08', 'France'),
(2231, 'Steve Wilson', 'M', '1956-02-15', 'Germany'),
(2232, 'Lyris Cooper', 'F', '1956-08-05', 'Brazil'),
(2233, 'Suzannah Doyle', 'F', '1967-06-11', 'China'),
(2234, 'Javier Ortiz', 'F', '1989-08-20', 'Germany'),
(2235, 'Cesar Rodriguez', 'M', '1975-11-23', 'Japan'),
(2236, 'Mauricio Quintana', 'F', '1976-01-21', 'Mexico'),
(2237, 'Adriana Leal', 'M', '1974-06-26', 'Italia'),
(2238, 'Ronnie Alvarez', 'M', '1971-12-08', 'Japan'),
(2239, 'Javier Betancourt', 'M', '1964-03-23', 'Japan'),
(2240, 'Pamela Betancourt', 'F', '1964-04-10', 'Japan'),
(2241, 'Tita Betancourt', 'M', '1985-08-10', 'England'),
(2242, 'Nury Blanco', 'M', '1993-09-11', 'Korean'),
(2243, 'Laura Castro', 'M', '1981-12-12', 'Italia'),
(2244, 'Felipe DeMarco', 'M', '1951-11-19', 'Korean'),
(2245, 'Brittney Escalante', 'M', '1985-07-16', 'England'),
(2246, 'Nina Flores', 'M', '1979-09-10', 'Germany'),
(2247, 'Marie Lusher', 'F', '1988-10-04', 'China'),
(2248, 'Juan Carlos Martinez', 'F', '1987-10-20', 'Japan'),
(2249, 'Paola Ochoa', 'F', '1991-04-12', 'Mexico'),
(2250, 'Michael Sporn', 'F', '1954-01-11', 'Germany'),
(2251, 'Rosemary Wells', 'M', '1952-04-12', 'Korean'),
(2252, 'Diana Canova', 'M', '1993-09-10', 'Italia'),
(2253, 'Leigh Corra', 'F', '1962-12-02', 'Japan'),
(2254, 'David de Vries', 'M', '1955-12-16', 'Brazil'),
(2255, 'Paul Gagne', 'F', '1954-01-24', 'Italia'),
(2256, 'Devyn Mufson', 'M', '1990-03-25', 'France'),
(2257, 'Joey Stack', 'M', '1954-12-01', 'Italia'),
(2258, 'Patrick Stack', 'M', '1981-03-10', 'England'),
(2259, 'David Ulloa', 'F', '1980-11-13', 'Korean'),
(2260, 'Trinidad Benito', 'F', '1950-12-11', 'U.S.'),
(2261, 'J.J. Abrams', 'M', '1975-01-27', 'China'),
(2262, 'Lauren Ambrose', 'F', '1975-04-18', 'Mexico'),
(2263, 'Jennifer Aniston', 'M', '1952-08-05', 'Germany'),
(2264, 'Angela Bakke', 'F', '1976-09-17', 'Japan'),
(2265, 'Peter Bogdanovich', 'M', '1971-10-14', 'France'),
(2266, 'Lorraine Bracco', 'M', '1991-12-24', 'England'),
(2267, 'Steve Buscemi', 'F', '1962-09-17', 'France'),
(2268, 'Max Casella', 'F', '1958-03-18', 'Germany'),
(2269, 'Henry Cavill', 'F', '1990-09-19', 'France'),
(2270, 'David Chase', 'F', '1971-10-21', 'Japan'),
(2271, 'George Clooney', 'F', '1981-11-25', 'U.S.'),
(2272, 'Glenn Close', 'F', '1980-02-24', 'Brazil'),
(2273, 'Pepe Colubí', 'M', '1954-10-06', 'Japan'),
(2274, 'Kerry Condon', 'F', '1981-10-24', 'Brazil'),
(2275, 'Kevin Connolly', 'M', '1964-03-21', 'Korean'),
(2276, 'Patrick Flynn', 'M', '1972-10-10', 'China'),
(2277, 'Russell Confroy', 'M', '1961-01-20', 'U.S.'),
(2278, 'Michael Flynn', 'M', '1953-09-25', 'Korean'),
(2279, 'Mike Gregorek', 'M', '1956-03-19', 'Brazil'),
(2280, 'Christopher Mathieu', 'M', '1958-06-13', 'England'),
(2281, 'Emily Hall', 'F', '1957-05-01', 'Italia'),
(2282, 'Matt Hartman', 'F', '1983-01-26', 'Japan'),
(2283, 'Heather Haney', 'F', '1969-01-28', 'U.S.'),
(2284, 'Karen Lange', 'M', '1968-05-04', 'U.S.'),
(2285, 'Jjana Valentiner', 'M', '1975-09-09', 'Japan'),
(2286, 'Megan Marcotte', 'F', '1993-04-01', 'Japan'),
(2287, 'Courtney Fontaine', 'F', '1961-11-07', 'England'),
(2288, 'J.B. Herndon', 'F', '1959-11-26', 'U.S.'),
(2289, 'Jessie Askinazi', 'M', '1959-12-25', 'Japan'),
(2290, 'Dave Herring', 'F', '1991-11-02', 'Japan'),
(2291, 'Bill Rapp', 'M', '1966-04-01', 'U.S.'),
(2292, 'Ken Jubenvill', 'F', '1971-07-02', 'Mexico'),
(2293, 'Richard Tomkies', 'M', '1990-01-20', 'France'),
(2294, 'Bruce Campana', 'M', '1954-01-06', 'Brazil'),
(2295, 'Soledad Gri', 'F', '1983-03-09', 'China'),
(2296, 'Tim Shields', 'M', '1973-04-06', 'Italia');

-- --------------------------------------------------------

--
-- Table structure for table `artist_win`
--

CREATE TABLE IF NOT EXISTS `artist_win` (
  `ArtistID` int(11) NOT NULL,
  `AwardID` int(11) NOT NULL,
  `MovieID` int(11) NOT NULL,
  `AwardTitle` varchar(25) DEFAULT NULL,
  UNIQUE KEY `ArtistID_2` (`ArtistID`,`AwardID`,`MovieID`,`AwardTitle`),
  KEY `ArtistID` (`ArtistID`),
  KEY `AwardID` (`AwardID`),
  KEY `MovieID` (`MovieID`)
) ENGINE=InnoDB DEFAULT CHARSET=latin1;

--
-- Dumping data for table `artist_win`
--

INSERT INTO `artist_win` (`ArtistID`, `AwardID`, `MovieID`, `AwardTitle`) VALUES
(1642, 3, 273, 'best writer'),
(1653, 2, 275, 'best actress'),
(1807, 2, 284, 'best supporting actor'),
(1820, 4, 284, 'best actress'),
(1863, 5, 287, 'best actor'),
(1869, 7, 288, 'best director'),
(1899, 9, 289, 'best actress'),
(1917, 5, 290, 'best actor'),
(1922, 8, 291, 'best writer'),
(1943, 6, 292, 'best supporting actress'),
(1962, 10, 299, 'best supporting actress'),
(1993, 4, 302, 'best director'),
(2001, 1, 296, 'best actress'),
(2001, 2, 296, 'best actress'),
(2001, 6, 296, 'best actress'),
(2028, 10, 320, 'best supporting actor'),
(2033, 7, 303, 'best supporting actress'),
(2074, 9, 308, 'best writer'),
(2080, 1, 308, 'best actor'),
(2080, 3, 308, 'best actor'),
(2080, 8, 308, 'best actor'),
(2107, 6, 311, 'best actress'),
(2111, 9, 312, 'best writer'),
(2141, 2, 314, 'best supporting actress'),
(2153, 6, 317, 'best supporting actor'),
(2172, 4, 321, 'best director'),
(2172, 8, 321, 'best director'),
(2172, 9, 321, 'best director'),
(2191, 1, 323, 'best actress'),
(2205, 8, 325, 'best actor'),
(2219, 9, 326, 'best director'),
(2227, 10, 327, 'best supporting actor'),
(2240, 4, 329, 'best supporting actress'),
(2251, 10, 330, 'best writer'),
(2263, 8, 331, 'best actor'),
(2276, 3, 332, 'best director'),
(2290, 5, 333, 'best actress'),
(2293, 3, 334, 'best writer');

-- --------------------------------------------------------

--
-- Table structure for table `award`
--

CREATE TABLE IF NOT EXISTS `award` (
  `AwardID` int(11) NOT NULL AUTO_INCREMENT,
  `AwardName` varchar(20) CHARACTER SET utf8 COLLATE utf8_bin NOT NULL,
  `Country` varchar(20) CHARACTER SET utf8 COLLATE utf8_bin DEFAULT NULL,
  PRIMARY KEY (`AwardID`)
) ENGINE=InnoDB  DEFAULT CHARSET=latin1 AUTO_INCREMENT=11 ;

--
-- Dumping data for table `award`
--

INSERT INTO `award` (`AwardID`, `AwardName`, `Country`) VALUES
(1, 'Golden Globe', 'U.S.'),
(2, 'Bafta film', 'England'),
(3, 'IIFA', 'India'),
(4, 'MTV movie', 'U.S.'),
(5, 'British Indepedent f', 'England'),
(6, 'Filmfare', 'Indian'),
(7, 'Oscar', 'U.S.'),
(8, 'Palm D’OR', 'U.S.'),
(9, 'National film', 'Indian '),
(10, 'Asianet film', 'India');

-- --------------------------------------------------------

--
-- Table structure for table `has_genre`
--

CREATE TABLE IF NOT EXISTS `has_genre` (
  `MovieID` int(11) NOT NULL,
  `Genre` varchar(10) CHARACTER SET utf8 COLLATE utf8_bin NOT NULL,
  KEY `MovieID` (`MovieID`)
) ENGINE=InnoDB DEFAULT CHARSET=latin1;

--
-- Dumping data for table `has_genre`
--

INSERT INTO `has_genre` (`MovieID`, `Genre`) VALUES
(273, 'Western'),
(274, 'Western'),
(275, 'Crime'),
(277, 'Family'),
(277, 'Animation'),
(277, 'Short'),
(277, 'Comedy'),
(284, 'Action'),
(284, 'Adventure'),
(284, 'Fantasy'),
(285, 'Action'),
(285, 'Adventure'),
(285, 'Sci-Fi'),
(285, 'Thriller'),
(286, 'Comedy'),
(286, 'Drama'),
(287, 'Adventure'),
(287, 'Fantasy'),
(288, 'Action'),
(288, 'Crime'),
(288, 'Drama'),
(288, 'Thriller'),
(289, 'Action'),
(289, 'Adventure'),
(289, 'Family'),
(289, 'Fantasy'),
(289, 'Sci-Fi'),
(289, 'Thriller'),
(290, 'Drama'),
(290, 'Mystery'),
(290, 'Thriller'),
(291, 'Comedy'),
(291, 'Romance'),
(292, 'Action'),
(292, 'Adventure'),
(292, 'Thriller'),
(293, 'Action'),
(293, 'Adventure'),
(293, 'Fantasy'),
(294, 'Comedy'),
(294, 'Short'),
(295, 'Drama'),
(295, 'Romance'),
(296, 'Comedy'),
(297, 'Drama'),
(298, 'Action'),
(298, 'Adventure'),
(298, 'Fantasy'),
(299, 'Action'),
(299, 'Adventure'),
(299, 'Fantasy'),
(300, 'Comedy'),
(300, 'Short'),
(301, 'Drama'),
(301, 'Romance'),
(302, 'Comedy'),
(303, 'Adventure'),
(303, 'Fantasy'),
(304, 'Documentar'),
(305, 'History'),
(306, 'Crime'),
(306, 'Drama'),
(306, 'Thriller'),
(307, 'Short'),
(307, 'Comedy'),
(307, 'Crime'),
(308, 'Short'),
(308, 'Comedy'),
(309, 'Short'),
(309, 'Horror'),
(310, 'Documentar'),
(310, 'War'),
(311, 'Action'),
(312, 'Family'),
(313, 'Comedy'),
(314, 'Documentar'),
(315, 'Drama'),
(316, 'Short'),
(317, 'Short'),
(318, 'Documentar'),
(318, 'Short'),
(319, 'Music'),
(320, 'Adventure'),
(320, 'Fantasy'),
(321, 'Comedy'),
(322, 'Short'),
(322, 'Family'),
(323, 'Fantasy'),
(324, 'Short'),
(325, 'Drama'),
(326, 'Short'),
(326, 'Family'),
(327, 'Short'),
(327, 'Drama'),
(328, 'Music'),
(329, 'Drama'),
(330, 'Animation'),
(330, 'Short'),
(330, 'Family'),
(331, 'Documentar'),
(332, 'Short'),
(332, 'Action'),
(332, 'Comedy'),
(332, 'Fantasy'),
(333, 'Short'),
(334, 'Documentar'),
(334, 'Short');

-- --------------------------------------------------------

--
-- Table structure for table `has_relation`
--

CREATE TABLE IF NOT EXISTS `has_relation` (
  `ArtistID1` int(11) NOT NULL,
  `ArtistID2` int(11) NOT NULL,
  `Relation` varchar(20) CHARACTER SET utf8 COLLATE utf8_bin NOT NULL,
  UNIQUE KEY `ArtistID1_3` (`ArtistID1`,`ArtistID2`),
  KEY `ArtistID1` (`ArtistID1`),
  KEY `AritistID2` (`ArtistID2`),
  KEY `ArtistID1_2` (`ArtistID1`,`ArtistID2`)
) ENGINE=InnoDB DEFAULT CHARSET=latin1;

--
-- Dumping data for table `has_relation`
--

INSERT INTO `has_relation` (`ArtistID1`, `ArtistID2`, `Relation`) VALUES
(1642, 1955, 'father'),
(1647, 1885, 'husband'),
(1661, 1916, 'sister'),
(1814, 2171, 'brother'),
(1825, 2032, 'brother'),
(1837, 2040, 'father'),
(1852, 2046, 'brother'),
(1853, 2195, 'daughter'),
(1885, 1647, 'wife'),
(1891, 2291, 'wife'),
(1894, 2180, 'ex-wife'),
(1902, 2071, 'sister'),
(1916, 1661, 'sister'),
(1918, 1929, 'ex-husband'),
(1929, 1918, 'ex-wife'),
(1955, 1642, 'son'),
(1956, 2294, 'son'),
(1960, 2082, 'brother'),
(1967, 1972, 'wife'),
(1972, 1967, 'husband'),
(1978, 2002, 'ex-husband'),
(1989, 2159, 'husband'),
(2002, 1978, 'ex-wife'),
(2030, 2292, 'mother'),
(2032, 1825, 'sister'),
(2040, 1837, 'son'),
(2042, 2263, 'daughter'),
(2046, 1852, 'brother'),
(2071, 1902, 'sister'),
(2074, 2271, 'brother'),
(2082, 1960, 'brother'),
(2159, 1989, 'wife'),
(2171, 1814, 'brother'),
(2180, 1894, 'ex-husband'),
(2195, 1853, 'mother'),
(2263, 2042, 'father'),
(2271, 2074, 'sister'),
(2291, 1891, 'husband'),
(2292, 2030, 'daughter'),
(2294, 1956, 'father');

-- --------------------------------------------------------

--
-- Table structure for table `movie`
--

CREATE TABLE IF NOT EXISTS `movie` (
  `MovieID` int(11) NOT NULL AUTO_INCREMENT,
  `MovieName` varchar(100) CHARACTER SET utf8 COLLATE utf8_bin DEFAULT NULL,
  `Rating` float DEFAULT NULL,
  `Released` int(8) DEFAULT NULL,
  `Country` varchar(20) CHARACTER SET utf8 COLLATE utf8_bin DEFAULT NULL,
  `Box_Office` int(11) DEFAULT NULL,
  PRIMARY KEY (`MovieID`)
) ENGINE=InnoDB  DEFAULT CHARSET=latin1 AUTO_INCREMENT=340 ;

--
-- Dumping data for table `movie`
--

INSERT INTO `movie` (`MovieID`, `MovieName`, `Rating`, `Released`, `Country`, `Box_Office`) VALUES
(273, 'Gun Law Justice', 6, 19490313, 'USA', 208),
(274, 'Gun Runner', 5.5, 19490130, 'USA', 241),
(275, 'Hafenmelodie', 6.5, 19500721, 'Germany', 135),
(276, 'Hallo, Fräulein!', 6.2, 19490513, 'Germany', 120),
(277, 'A Ham in a Role', 6.9, 19491213, 'USA', 241),
(284, 'The Lord of the Rings: The Fellowship of the Ring', 8.8, 20011219, 'New Zealand', 290),
(285, 'Lost in Space', 4.9, 19980403, 'USA', 32),
(286, 'Lover Girl', 5.4, 19970911, 'USA', 105),
(287, 'Matusalem II: le dernier des Beauchesne', 5, 19971219, 'Canada', 96),
(288, 'Mercury Rising', 5.9, 19980403, 'USA', 250),
(289, 'Mighty Joe Young', 5.4, 19981225, 'USA', 14),
(290, 'The Million Dollar Hotel', 5.5, 20000210, 'Germany', 300),
(291, 'The Misadventures of Margaret', 5.3, 19981223, 'France', 44),
(292, 'Mission: Impossible II', 5.9, 20000524, 'USA', 42),
(293, 'The Lord of the Rings: The Two Towers', 8.7, 20030426, 'USA', 85),
(294, 'Lovable Trouble', 0, 19411023, 'USA', 175),
(295, 'Loving Evangeline', 5.1, 20010309, 'Canada', 42),
(296, 'Lucky Loser', 0, 19340300, 'UK', 82),
(297, 'Lyubov i nenavist', 5.5, 19350303, 'Soviet Union', 196),
(298, 'The Lord of the Rings: The Return of the King', 8.9, 20040312, 'USA', 68),
(299, 'The Lord of the Rings: The Two Towers', 8.7, 20030426, 'USA', 45),
(300, 'Lovable Trouble', 0, 19411023, 'USA', 117),
(301, 'Loving Evangeline', 5.1, 20010309, 'Canada', 107),
(302, 'Lucky Loser', 0, 19340300, 'UK', 82),
(303, 'The Hobbit: An Unexpected Journey', 8.1, 20130222, 'USA', 95),
(304, 'In Search of the Pope''s Children', 6.2, 20061106, 'Ireland', 281),
(305, 'Inside the Great Battles', 0, 20050000, 'USA', 89),
(306, 'Julia', 6.9, 20080312, 'France', 274),
(307, 'Just', 7.2, 20060903, 'USA', 181),
(308, 'La La Land', 0, 20060929, 'USA', 256),
(309, 'Lament', 0, 20060107, 'USA', 293),
(310, 'Make Peace or Die: The First Days of War in Iraq with 1st Battalion 5th Marines', 6, 20060529, 'USA', 28),
(311, 'Meng si hung feng', 0, 19720000, 'Taiwan', 175),
(312, 'Mi, szemüvegesek', 0, 20040531, 'Hungary', 231),
(313, 'Moi, ma mère et Bétina', 7.8, 20030512, 'Morocco', 93),
(314, 'A Place in Time', 6.6, 20070427, 'USA', 235),
(315, 'The Panman', 0, 19970000, 'Trinidad and Tobago', 90),
(316, 'PoV', 0, 20061013, 'Ireland', 85),
(317, 'The Rip-Off', 7.9, 20060724, 'Canada', 36),
(318, 'Seavitamins', 0, 19990129, 'UK', 245),
(319, 'The Secret Policeman''s Ball: The Music Edition', 0, 20040920, 'UK', 73),
(320, 'The Hobbit: The Desolation of Smaug', 0, 20131213, 'USA', 238),
(321, 'Kala malam bulan mengambang', 6.3, 20080110, 'Malaysia', 77),
(322, 'Kibbles Rockin'' Clubhouse, Volume 1: Expressing Yourself', 0, 20080108, 'USA', 257),
(323, 'Das Leben ein Traum', 7.6, 19630101, 'West Germany', 162),
(324, 'Matterhorn', 7.1, 20071019, 'Ireland', 64),
(325, 'Mellan 11 och 12', 7.9, 20080126, 'Sweden', 162),
(326, 'Mi hermano', 0, 20061024, 'Spain', 19),
(327, 'Nuts', 6, 20070809, 'USA', 152),
(328, 'Piano Dreams: The Movie', 0, 20071117, 'USA', 212),
(329, 'Raices torcidas', 7.2, 20080113, 'Mexico', 144),
(330, 'Reading to Your Bunny', 0, 20060000, 'USA', 216),
(331, 'Reinventando Hollywood', 5.5, 20080108, 'Spain', 119),
(332, 'The Rochambeau Kid', 6, 20070511, 'USA', 150),
(333, 'The Soldier''s Wife', 0, 20080307, 'USA', 153),
(334, 'Stolen Lives', 0, 20070503, 'Canada', 131),
(335, 'University life 1', 8, 20131213, 'USA', 111),
(336, 'University life 2', 7.5, 20120222, 'USA', 23),
(337, 'University of life 3', 6, 20121117, 'USA', 45),
(339, 'University of life 7', 6, 20111117, 'USA', 65);

-- --------------------------------------------------------

--
-- Table structure for table `movie_win`
--

CREATE TABLE IF NOT EXISTS `movie_win` (
  `MovieID` int(11) NOT NULL,
  `AwardID` int(11) NOT NULL,
  `Time` date DEFAULT NULL,
  `AwardTitle` varchar(20) CHARACTER SET utf8 COLLATE utf8_bin DEFAULT NULL,
  UNIQUE KEY `MovieID_2` (`MovieID`,`AwardID`,`Time`,`AwardTitle`),
  KEY `MovieID` (`MovieID`,`AwardID`),
  KEY `AwardID` (`AwardID`)
) ENGINE=InnoDB DEFAULT CHARSET=latin1;

--
-- Dumping data for table `movie_win`
--

INSERT INTO `movie_win` (`MovieID`, `AwardID`, `Time`, `AwardTitle`) VALUES
(287, 1, '2008-09-11', 'best picture'),
(287, 7, '2008-07-17', 'best music'),
(287, 9, '2008-12-02', 'best picture'),
(295, 2, '2011-09-21', 'best picture'),
(295, 5, '2012-07-19', 'best editing'),
(295, 5, '2012-07-19', 'best makeup'),
(295, 5, '2012-07-19', 'best music'),
(295, 5, '2012-07-19', 'best picture'),
(295, 5, '2012-07-19', 'best writing'),
(301, 7, '2011-07-13', 'best makeup'),
(307, 2, '2013-08-08', 'best writing'),
(310, 6, '2011-06-19', 'best editing'),
(310, 9, '2011-07-14', 'best sound mixing'),
(320, 3, '2012-08-21', 'best editing'),
(320, 3, '2012-08-21', 'best makeup'),
(320, 3, '2012-08-21', 'best picture'),
(320, 3, '2012-08-21', 'best sound mixing'),
(320, 5, '2012-11-20', 'best documentary'),
(320, 5, '2012-11-20', 'best editing'),
(320, 5, '2012-11-20', 'best makeup'),
(320, 5, '2012-11-20', 'best picture'),
(320, 5, '2012-11-20', 'best sound mixing'),
(327, 2, '2010-12-07', 'best music'),
(329, 1, '2011-07-14', 'best documentary'),
(331, 2, '2013-08-14', 'best editing'),
(331, 2, '2013-08-14', 'best music'),
(331, 5, '2013-08-14', 'best writing'),
(331, 6, '2012-08-13', 'best picture'),
(331, 6, '2013-08-13', 'best documentary'),
(331, 10, '2013-05-10', 'best editing');

-- --------------------------------------------------------

--
-- Table structure for table `user`
--

CREATE TABLE IF NOT EXISTS `user` (
  `UID` int(11) NOT NULL AUTO_INCREMENT,
  `Password` varchar(20) NOT NULL,
  `Email` varchar(20) NOT NULL,
  `Nickname` varchar(20) NOT NULL,
  PRIMARY KEY (`UID`),
  UNIQUE KEY `Email` (`Email`)
) ENGINE=InnoDB  DEFAULT CHARSET=latin1 AUTO_INCREMENT=3 ;

--
-- Dumping data for table `user`
--

INSERT INTO `user` (`UID`, `Password`, `Email`, `Nickname`) VALUES
(1, '123456', 'ydai@jhu.edu', ''),
(2, '123', 'bmg@gmail.com', 'bmg');

-- --------------------------------------------------------

--
-- Table structure for table `work_on`
--

CREATE TABLE IF NOT EXISTS `work_on` (
  `MovieID` int(11) NOT NULL,
  `ArtistID` int(11) NOT NULL,
  `Job` varchar(20) CHARACTER SET utf8 COLLATE utf8_bin NOT NULL,
  UNIQUE KEY `MovieID_3` (`MovieID`,`ArtistID`,`Job`),
  KEY `Job` (`Job`),
  KEY `Job_2` (`Job`),
  KEY `MovieID` (`MovieID`),
  KEY `ArtistID` (`ArtistID`),
  KEY `MovieID_2` (`MovieID`),
  KEY `ArtistID_2` (`ArtistID`)
) ENGINE=InnoDB DEFAULT CHARSET=latin1;

--
-- Dumping data for table `work_on`
--

INSERT INTO `work_on` (`MovieID`, `ArtistID`, `Job`) VALUES
(273, 1642, 'actor'),
(273, 1642, 'director'),
(273, 1642, 'writer'),
(273, 1644, 'actor'),
(273, 1645, 'actor'),
(273, 1646, 'actor'),
(273, 1647, 'actor'),
(273, 1648, 'actor'),
(273, 1649, 'actor'),
(273, 1650, 'actor'),
(273, 1651, 'actor'),
(273, 1652, 'actor'),
(273, 1653, 'actor'),
(274, 1641, 'director'),
(274, 1643, 'actor'),
(274, 1644, 'actor'),
(274, 1651, 'actor'),
(274, 1653, 'actor'),
(274, 1654, 'writer'),
(274, 1655, 'actor'),
(274, 1656, 'actor'),
(274, 1657, 'actor'),
(274, 1658, 'actor'),
(274, 1659, 'actor'),
(274, 1660, 'actor'),
(275, 1662, 'actor'),
(275, 1662, 'director'),
(275, 1663, 'actor'),
(275, 1663, 'writer'),
(275, 1665, 'actor'),
(275, 1666, 'actor'),
(275, 1667, 'actor'),
(275, 1668, 'actor'),
(275, 1669, 'actor'),
(275, 1670, 'actor'),
(275, 1671, 'actor'),
(275, 1672, 'actor'),
(275, 1673, 'actor'),
(275, 1674, 'actor'),
(275, 1675, 'actor'),
(275, 1676, 'actor'),
(275, 1677, 'actor'),
(275, 1678, 'actor'),
(276, 1679, 'director'),
(276, 1680, 'actor'),
(276, 1680, 'writer'),
(276, 1681, 'writer'),
(276, 1682, 'actor'),
(276, 1683, 'actor'),
(276, 1684, 'actor'),
(276, 1685, 'actor'),
(276, 1686, 'actor'),
(276, 1687, 'actor'),
(276, 1688, 'actor'),
(276, 1689, 'actor'),
(276, 1690, 'actor'),
(276, 1691, 'actor'),
(276, 1692, 'actor'),
(276, 1693, 'actor'),
(276, 1694, 'actor'),
(276, 1695, 'actor'),
(277, 1696, 'director'),
(277, 1697, 'writer'),
(277, 1698, 'actor'),
(284, 1803, 'director'),
(284, 1804, 'writer'),
(284, 1805, 'writer'),
(284, 1806, 'actor'),
(284, 1807, 'actor'),
(284, 1808, 'actor'),
(284, 1809, 'actor'),
(284, 1810, 'actor'),
(284, 1811, 'actor'),
(284, 1812, 'actor'),
(284, 1813, 'actor'),
(284, 1814, 'actor'),
(284, 1815, 'actor'),
(284, 1816, 'actor'),
(284, 1817, 'actor'),
(284, 1818, 'actor'),
(284, 1819, 'actor'),
(284, 1820, 'actor'),
(285, 1821, 'director'),
(285, 1822, 'writer'),
(285, 1823, 'writer'),
(285, 1824, 'actor'),
(285, 1825, 'actor'),
(285, 1826, 'actor'),
(285, 1827, 'actor'),
(285, 1828, 'actor'),
(285, 1829, 'actor'),
(285, 1830, 'actor'),
(285, 1831, 'actor'),
(285, 1832, 'actor'),
(285, 1833, 'actor'),
(285, 1834, 'actor'),
(285, 1835, 'actor'),
(285, 1836, 'actor'),
(285, 1837, 'actor'),
(285, 1838, 'actor'),
(286, 1839, 'director'),
(286, 1839, 'writer'),
(286, 1840, 'director'),
(286, 1840, 'writer'),
(286, 1841, 'actor'),
(286, 1842, 'actor'),
(286, 1843, 'actor'),
(286, 1844, 'actor'),
(286, 1845, 'actor'),
(286, 1846, 'actor'),
(286, 1847, 'actor'),
(286, 1848, 'actor'),
(286, 1849, 'actor'),
(286, 1850, 'actor'),
(286, 1851, 'actor'),
(286, 1852, 'actor'),
(286, 1853, 'actor'),
(286, 1854, 'actor'),
(287, 1855, 'director'),
(287, 1856, 'actor'),
(287, 1857, 'actor'),
(287, 1858, 'actor'),
(287, 1859, 'actor'),
(287, 1860, 'actor'),
(287, 1861, 'actor'),
(287, 1862, 'actor'),
(287, 1863, 'actor'),
(287, 1864, 'actor'),
(287, 1865, 'actor'),
(287, 1866, 'actor'),
(287, 1867, 'actor'),
(287, 1868, 'actor'),
(288, 1869, 'director'),
(288, 1870, 'writer'),
(288, 1871, 'writer'),
(288, 1872, 'actor'),
(288, 1873, 'actor'),
(288, 1874, 'actor'),
(288, 1875, 'actor'),
(288, 1876, 'actor'),
(288, 1877, 'actor'),
(288, 1878, 'actor'),
(288, 1879, 'actor'),
(288, 1880, 'actor'),
(288, 1881, 'actor'),
(288, 1882, 'actor'),
(288, 1883, 'actor'),
(288, 1884, 'actor'),
(288, 1885, 'actor'),
(288, 1886, 'actor'),
(289, 1887, 'director'),
(289, 1888, 'writer'),
(289, 1889, 'writer'),
(289, 1890, 'actor'),
(289, 1891, 'actor'),
(289, 1892, 'actor'),
(289, 1893, 'actor'),
(289, 1894, 'actor'),
(289, 1895, 'actor'),
(289, 1896, 'actor'),
(289, 1897, 'actor'),
(289, 1898, 'actor'),
(289, 1899, 'actor'),
(289, 1900, 'actor'),
(289, 1901, 'actor'),
(289, 1902, 'actor'),
(289, 1903, 'actor'),
(289, 1904, 'actor'),
(290, 1881, 'actor'),
(290, 1905, 'director'),
(290, 1906, 'writer'),
(290, 1907, 'writer'),
(290, 1908, 'actor'),
(290, 1909, 'actor'),
(290, 1910, 'actor'),
(290, 1911, 'actor'),
(290, 1912, 'actor'),
(290, 1913, 'actor'),
(290, 1914, 'actor'),
(290, 1915, 'actor'),
(290, 1916, 'actor'),
(290, 1917, 'actor'),
(290, 1918, 'actor'),
(290, 1919, 'actor'),
(290, 1920, 'actor'),
(290, 1921, 'actor'),
(291, 1922, 'director'),
(291, 1922, 'writer'),
(291, 1923, 'writer'),
(291, 1924, 'actor'),
(291, 1925, 'actor'),
(291, 1926, 'actor'),
(291, 1927, 'actor'),
(291, 1928, 'actor'),
(291, 1929, 'actor'),
(291, 1930, 'actor'),
(291, 1931, 'actor'),
(291, 1932, 'actor'),
(291, 1933, 'actor'),
(291, 1934, 'actor'),
(291, 1935, 'actor'),
(291, 1936, 'actor'),
(291, 1937, 'actor'),
(291, 1938, 'actor'),
(292, 1892, 'actor'),
(292, 1939, 'director'),
(292, 1940, 'writer'),
(292, 1941, 'writer'),
(292, 1942, 'actor'),
(292, 1943, 'actor'),
(292, 1944, 'actor'),
(292, 1945, 'actor'),
(292, 1946, 'actor'),
(292, 1947, 'actor'),
(292, 1948, 'actor'),
(292, 1949, 'actor'),
(292, 1950, 'actor'),
(292, 1951, 'actor'),
(292, 1952, 'actor'),
(292, 1953, 'actor'),
(292, 1954, 'actor'),
(292, 1955, 'actor'),
(293, 1803, 'director'),
(293, 1804, 'writer'),
(293, 1805, 'writer'),
(293, 1809, 'actor'),
(293, 1810, 'actor'),
(293, 1812, 'actor'),
(293, 1813, 'actor'),
(293, 1814, 'actor'),
(293, 1820, 'actor'),
(293, 1956, 'actor'),
(293, 1957, 'actor'),
(293, 1958, 'actor'),
(293, 1959, 'actor'),
(293, 1960, 'actor'),
(293, 1961, 'actor'),
(293, 1962, 'actor'),
(293, 1963, 'actor'),
(293, 1964, 'actor'),
(294, 1965, 'director'),
(294, 1966, 'writer'),
(294, 1967, 'writer'),
(294, 1968, 'actor'),
(294, 1969, 'actor'),
(294, 1970, 'actor'),
(294, 1971, 'actor'),
(294, 1972, 'actor'),
(294, 1973, 'actor'),
(294, 1974, 'actor'),
(294, 1975, 'actor'),
(294, 1976, 'actor'),
(294, 1977, 'actor'),
(294, 1978, 'actor'),
(295, 1979, 'director'),
(295, 1980, 'writer'),
(295, 1981, 'writer'),
(295, 1982, 'actor'),
(295, 1983, 'actor'),
(295, 1984, 'actor'),
(295, 1985, 'actor'),
(295, 1986, 'actor'),
(295, 1987, 'actor'),
(295, 1988, 'actor'),
(295, 1989, 'actor'),
(295, 1990, 'actor'),
(295, 1991, 'actor'),
(295, 1992, 'actor'),
(296, 1993, 'director'),
(296, 1994, 'writer'),
(296, 1995, 'writer'),
(296, 1996, 'actor'),
(296, 1997, 'actor'),
(296, 1998, 'actor'),
(296, 1999, 'actor'),
(296, 2000, 'actor'),
(296, 2001, 'actor'),
(296, 2002, 'actor'),
(296, 2003, 'actor'),
(297, 2004, 'director'),
(297, 2005, 'director'),
(297, 2006, 'writer'),
(297, 2007, 'actor'),
(297, 2008, 'actor'),
(297, 2009, 'actor'),
(297, 2010, 'actor'),
(297, 2011, 'actor'),
(297, 2012, 'actor'),
(297, 2013, 'actor'),
(297, 2014, 'actor'),
(297, 2015, 'actor'),
(297, 2016, 'actor'),
(297, 2017, 'actor'),
(297, 2018, 'actor'),
(297, 2019, 'actor'),
(298, 1803, 'director'),
(298, 1804, 'writer'),
(298, 1805, 'writer'),
(298, 1808, 'actor'),
(298, 1809, 'actor'),
(298, 1811, 'actor'),
(298, 1812, 'actor'),
(298, 1813, 'actor'),
(298, 1814, 'actor'),
(298, 1815, 'actor'),
(298, 1957, 'actor'),
(298, 1962, 'actor'),
(298, 2020, 'actor'),
(298, 2021, 'actor'),
(298, 2022, 'actor'),
(298, 2023, 'actor'),
(298, 2024, 'actor'),
(298, 2025, 'actor'),
(299, 1803, 'director'),
(299, 1804, 'writer'),
(299, 1805, 'writer'),
(299, 1809, 'actor'),
(299, 1810, 'actor'),
(299, 1812, 'actor'),
(299, 1813, 'actor'),
(299, 1814, 'actor'),
(299, 1820, 'actor'),
(299, 1956, 'actor'),
(299, 1957, 'actor'),
(299, 1958, 'actor'),
(299, 1959, 'actor'),
(299, 1960, 'actor'),
(299, 1961, 'actor'),
(299, 1962, 'actor'),
(299, 1963, 'actor'),
(299, 1964, 'actor'),
(300, 1965, 'director'),
(300, 1966, 'writer'),
(300, 1967, 'writer'),
(300, 1968, 'actor'),
(300, 1969, 'actor'),
(300, 1970, 'actor'),
(300, 1971, 'actor'),
(300, 1972, 'actor'),
(300, 1973, 'actor'),
(300, 1974, 'actor'),
(300, 1975, 'actor'),
(300, 1976, 'actor'),
(300, 1977, 'actor'),
(300, 1978, 'actor'),
(301, 1979, 'director'),
(301, 1980, 'writer'),
(301, 1981, 'writer'),
(301, 1982, 'actor'),
(301, 1983, 'actor'),
(301, 1984, 'actor'),
(301, 1985, 'actor'),
(301, 1986, 'actor'),
(301, 1987, 'actor'),
(301, 1988, 'actor'),
(301, 1989, 'actor'),
(301, 1990, 'actor'),
(301, 1991, 'actor'),
(301, 1992, 'actor'),
(302, 1993, 'director'),
(302, 1994, 'writer'),
(302, 1995, 'writer'),
(302, 1996, 'actor'),
(302, 1997, 'actor'),
(302, 1998, 'actor'),
(302, 1999, 'actor'),
(302, 2000, 'actor'),
(302, 2001, 'actor'),
(302, 2002, 'actor'),
(302, 2003, 'actor'),
(303, 1803, 'director'),
(303, 1805, 'writer'),
(303, 1958, 'actor'),
(303, 2026, 'writer'),
(303, 2027, 'actor'),
(303, 2028, 'actor'),
(303, 2029, 'actor'),
(303, 2030, 'actor'),
(303, 2031, 'actor'),
(303, 2032, 'actor'),
(303, 2033, 'actor'),
(303, 2034, 'actor'),
(303, 2035, 'actor'),
(303, 2036, 'actor'),
(303, 2037, 'actor'),
(303, 2038, 'actor'),
(303, 2039, 'actor'),
(303, 2040, 'actor'),
(304, 2041, 'actor'),
(305, 2042, 'director'),
(305, 2043, 'writer'),
(305, 2044, 'writer'),
(305, 2045, 'actor'),
(306, 2046, 'director'),
(306, 2047, 'writer'),
(306, 2048, 'writer'),
(306, 2049, 'actor'),
(306, 2050, 'actor'),
(306, 2051, 'actor'),
(306, 2052, 'actor'),
(306, 2053, 'actor'),
(306, 2054, 'actor'),
(306, 2055, 'actor'),
(306, 2056, 'actor'),
(306, 2057, 'actor'),
(306, 2058, 'actor'),
(306, 2059, 'actor'),
(306, 2060, 'actor'),
(306, 2061, 'actor'),
(306, 2062, 'actor'),
(306, 2063, 'actor'),
(307, 2064, 'director'),
(307, 2064, 'writer'),
(307, 2065, 'actor'),
(307, 2066, 'actor'),
(307, 2067, 'actor'),
(307, 2068, 'actor'),
(307, 2069, 'actor'),
(307, 2070, 'actor'),
(307, 2071, 'actor'),
(307, 2072, 'actor'),
(307, 2073, 'actor'),
(308, 2074, 'director'),
(308, 2074, 'writer'),
(308, 2075, 'actor'),
(308, 2076, 'actor'),
(308, 2077, 'actor'),
(308, 2078, 'actor'),
(308, 2079, 'actor'),
(308, 2080, 'actor'),
(308, 2081, 'actor'),
(308, 2082, 'actor'),
(308, 2083, 'actor'),
(308, 2084, 'actor'),
(308, 2085, 'actor'),
(308, 2086, 'actor'),
(309, 2087, 'director'),
(309, 2087, 'writer'),
(309, 2088, 'actor'),
(309, 2089, 'actor'),
(309, 2090, 'actor'),
(310, 2091, 'director'),
(310, 2092, 'director'),
(310, 2093, 'actor'),
(311, 2094, 'director'),
(311, 2094, 'writer'),
(311, 2095, 'actor'),
(311, 2096, 'actor'),
(311, 2097, 'actor'),
(311, 2098, 'actor'),
(311, 2099, 'actor'),
(311, 2100, 'actor'),
(311, 2101, 'actor'),
(311, 2102, 'actor'),
(311, 2103, 'actor'),
(311, 2104, 'actor'),
(311, 2105, 'actor'),
(311, 2106, 'actor'),
(311, 2107, 'actor'),
(311, 2108, 'actor'),
(311, 2109, 'actor'),
(312, 2110, 'director'),
(312, 2110, 'writer'),
(312, 2111, 'writer'),
(312, 2112, 'actor'),
(312, 2113, 'actor'),
(312, 2114, 'actor'),
(312, 2115, 'actor'),
(312, 2116, 'actor'),
(312, 2117, 'actor'),
(312, 2118, 'actor'),
(312, 2119, 'actor'),
(312, 2120, 'actor'),
(312, 2121, 'actor'),
(312, 2122, 'actor'),
(312, 2123, 'actor'),
(312, 2124, 'actor'),
(312, 2125, 'actor'),
(312, 2126, 'actor'),
(313, 2127, 'actor'),
(313, 2127, 'director'),
(313, 2127, 'writer'),
(313, 2128, 'writer'),
(313, 2129, 'actor'),
(313, 2130, 'actor'),
(313, 2131, 'actor'),
(313, 2132, 'actor'),
(313, 2133, 'actor'),
(313, 2134, 'actor'),
(313, 2135, 'actor'),
(314, 2136, 'actor'),
(314, 2136, 'director'),
(314, 2137, 'actor'),
(314, 2138, 'actor'),
(314, 2139, 'actor'),
(314, 2140, 'actor'),
(314, 2141, 'actor'),
(314, 2142, 'actor'),
(314, 2143, 'actor'),
(314, 2144, 'actor'),
(315, 2145, 'director'),
(315, 2145, 'writer'),
(315, 2146, 'actor'),
(316, 2147, 'director'),
(316, 2147, 'writer'),
(316, 2148, 'actor'),
(316, 2149, 'actor'),
(317, 2150, 'director'),
(317, 2151, 'actor'),
(317, 2151, 'writer'),
(317, 2152, 'actor'),
(317, 2153, 'actor'),
(317, 2154, 'actor'),
(317, 2155, 'actor'),
(317, 2156, 'actor'),
(318, 2150, 'director'),
(318, 2150, 'writer'),
(319, 2157, 'actor'),
(319, 2158, 'actor'),
(319, 2159, 'actor'),
(319, 2160, 'actor'),
(319, 2161, 'actor'),
(319, 2162, 'actor'),
(319, 2163, 'actor'),
(320, 1803, 'director'),
(320, 1805, 'writer'),
(320, 1812, 'actor'),
(320, 1813, 'actor'),
(320, 1820, 'actor'),
(320, 2026, 'writer'),
(320, 2027, 'actor'),
(320, 2028, 'actor'),
(320, 2029, 'actor'),
(320, 2036, 'actor'),
(320, 2164, 'actor'),
(320, 2165, 'actor'),
(320, 2166, 'actor'),
(320, 2167, 'actor'),
(320, 2168, 'actor'),
(320, 2169, 'actor'),
(320, 2170, 'actor'),
(320, 2171, 'actor'),
(321, 2172, 'director'),
(321, 2172, 'writer'),
(321, 2173, 'actor'),
(321, 2174, 'actor'),
(321, 2175, 'actor'),
(321, 2176, 'actor'),
(321, 2177, 'actor'),
(321, 2178, 'actor'),
(321, 2179, 'actor'),
(321, 2180, 'actor'),
(322, 2181, 'director'),
(322, 2182, 'actor'),
(322, 2183, 'actor'),
(322, 2184, 'actor'),
(323, 2185, 'director'),
(323, 2186, 'writer'),
(323, 2187, 'writer'),
(323, 2188, 'actor'),
(323, 2189, 'actor'),
(323, 2190, 'actor'),
(323, 2191, 'actor'),
(323, 2192, 'actor'),
(323, 2193, 'actor'),
(323, 2194, 'actor'),
(323, 2195, 'actor'),
(323, 2196, 'actor'),
(323, 2197, 'actor'),
(323, 2198, 'actor'),
(324, 2036, 'actor'),
(324, 2199, 'director'),
(324, 2200, 'actor'),
(325, 2201, 'director'),
(325, 2202, 'director'),
(325, 2203, 'writer'),
(325, 2204, 'writer'),
(325, 2205, 'actor'),
(325, 2206, 'actor'),
(325, 2207, 'actor'),
(325, 2208, 'actor'),
(325, 2209, 'actor'),
(325, 2210, 'actor'),
(325, 2211, 'actor'),
(325, 2212, 'actor'),
(325, 2213, 'actor'),
(325, 2214, 'actor'),
(325, 2215, 'actor'),
(325, 2216, 'actor'),
(325, 2217, 'actor'),
(325, 2218, 'actor'),
(326, 2219, 'director'),
(326, 2220, 'actor'),
(326, 2221, 'actor'),
(326, 2222, 'actor'),
(327, 2223, 'actor'),
(327, 2223, 'director'),
(327, 2223, 'writer'),
(327, 2224, 'actor'),
(327, 2225, 'actor'),
(327, 2226, 'actor'),
(327, 2227, 'actor'),
(327, 2228, 'actor'),
(327, 2229, 'actor'),
(327, 2230, 'actor'),
(327, 2231, 'actor'),
(328, 2232, 'director'),
(328, 2232, 'writer'),
(328, 2233, 'writer'),
(329, 2234, 'director'),
(329, 2234, 'writer'),
(329, 2235, 'actor'),
(329, 2235, 'writer'),
(329, 2236, 'actor'),
(329, 2237, 'actor'),
(329, 2238, 'actor'),
(329, 2239, 'actor'),
(329, 2240, 'actor'),
(329, 2241, 'actor'),
(329, 2242, 'actor'),
(329, 2243, 'actor'),
(329, 2244, 'actor'),
(329, 2245, 'actor'),
(329, 2246, 'actor'),
(329, 2247, 'actor'),
(329, 2248, 'actor'),
(329, 2249, 'actor'),
(330, 2250, 'director'),
(330, 2251, 'actor'),
(330, 2251, 'writer'),
(330, 2252, 'actor'),
(330, 2253, 'actor'),
(330, 2254, 'actor'),
(330, 2255, 'actor'),
(330, 2256, 'actor'),
(330, 2257, 'actor'),
(330, 2258, 'actor'),
(331, 2260, 'writer'),
(331, 2261, 'actor'),
(331, 2262, 'actor'),
(331, 2263, 'actor'),
(331, 2264, 'actor'),
(331, 2265, 'actor'),
(331, 2266, 'actor'),
(331, 2268, 'actor'),
(331, 2270, 'actor'),
(331, 2271, 'actor'),
(331, 2272, 'actor'),
(331, 2273, 'actor'),
(331, 2274, 'actor'),
(331, 2275, 'actor'),
(331, 2276, 'director'),
(331, 2277, 'actor'),
(331, 2280, 'actor'),
(332, 2276, 'director'),
(332, 2277, 'writer'),
(332, 2278, 'writer'),
(332, 2279, 'actor'),
(332, 2280, 'actor'),
(332, 2281, 'actor'),
(332, 2282, 'actor'),
(332, 2283, 'actor'),
(332, 2284, 'actor'),
(332, 2285, 'actor'),
(332, 2286, 'actor'),
(332, 2287, 'actor'),
(333, 2288, 'director'),
(333, 2288, 'writer'),
(333, 2289, 'actor'),
(333, 2290, 'actor'),
(333, 2291, 'actor'),
(334, 2292, 'director'),
(334, 2292, 'writer'),
(334, 2293, 'writer'),
(334, 2294, 'actor'),
(334, 2295, 'actor'),
(334, 2296, 'actor'),
(335, 1803, 'director'),
(336, 1803, 'director'),
(337, 1803, 'director'),
(339, 1803, 'director');

--
-- Constraints for dumped tables
--

--
-- Constraints for table `artist_win`
--
ALTER TABLE `artist_win`
  ADD CONSTRAINT `artist_win_ibfk_3` FOREIGN KEY (`MovieID`) REFERENCES `movie` (`MovieID`) ON DELETE CASCADE ON UPDATE CASCADE,
  ADD CONSTRAINT `artist_win_ibfk_1` FOREIGN KEY (`ArtistID`) REFERENCES `artist` (`ArtistID`) ON DELETE CASCADE ON UPDATE CASCADE,
  ADD CONSTRAINT `artist_win_ibfk_2` FOREIGN KEY (`AwardID`) REFERENCES `award` (`AwardID`) ON DELETE CASCADE ON UPDATE CASCADE;

--
-- Constraints for table `has_genre`
--
ALTER TABLE `has_genre`
  ADD CONSTRAINT `has_genre_ibfk_1` FOREIGN KEY (`MovieID`) REFERENCES `movie` (`MovieID`) ON DELETE CASCADE ON UPDATE CASCADE;

--
-- Constraints for table `has_relation`
--
ALTER TABLE `has_relation`
  ADD CONSTRAINT `has_relation_ibfk_2` FOREIGN KEY (`ArtistID2`) REFERENCES `artist` (`ArtistID`) ON DELETE CASCADE ON UPDATE CASCADE,
  ADD CONSTRAINT `has_relation_ibfk_1` FOREIGN KEY (`ArtistID1`) REFERENCES `artist` (`ArtistID`) ON DELETE CASCADE ON UPDATE CASCADE;

--
-- Constraints for table `movie_win`
--
ALTER TABLE `movie_win`
  ADD CONSTRAINT `movie_win_ibfk_2` FOREIGN KEY (`AwardID`) REFERENCES `award` (`AwardID`) ON DELETE CASCADE ON UPDATE CASCADE,
  ADD CONSTRAINT `movie_win_ibfk_1` FOREIGN KEY (`MovieID`) REFERENCES `movie` (`MovieID`) ON DELETE CASCADE ON UPDATE CASCADE;

--
-- Constraints for table `work_on`
--
ALTER TABLE `work_on`
  ADD CONSTRAINT `work_on_ibfk_1` FOREIGN KEY (`MovieID`) REFERENCES `movie` (`MovieID`) ON DELETE CASCADE ON UPDATE CASCADE,
  ADD CONSTRAINT `work_on_ibfk_2` FOREIGN KEY (`ArtistID`) REFERENCES `artist` (`ArtistID`) ON DELETE CASCADE ON UPDATE CASCADE;

/*!40101 SET CHARACTER_SET_CLIENT=@OLD_CHARACTER_SET_CLIENT */;
/*!40101 SET CHARACTER_SET_RESULTS=@OLD_CHARACTER_SET_RESULTS */;
/*!40101 SET COLLATION_CONNECTION=@OLD_COLLATION_CONNECTION */;
